project_id,project_name,country,project_type,credits_issued_total,credits_retired_total,credits_in_buffer,registration_date,project_age_years,verifiers,status,project_type_raw,retirement_rate,buffer_pool_ratio,credits_remaining,size_tier,score_retirement_rate,score_vintage_freshness,score_issuance_consistency,score_buffer_pool,score_longevity,score_type_risk,n_unique_verifiers,score_verification_diversity,quality_index,quality_tier,qi_rank,flag_orphaned_vintage,flag_buffer_breach,flag_low_demand,flag_audit_concentration,flag_issuance_spike,flag_stale_project,flags_count,flags_summary,max_severity
VCS1000,"Demo Project 1 â€” Afforestation, Refor",Brazil,ARR,4026446.0,2250365.016685075,577040.3179086344,2022-02-01,4.0629705681040384,Bureau Veritas,Registered,"Afforestation, Reforestation and Revegetation",0.5588961125233208,0.1433125684309772,1199040.6654062904,Large (1Mâ€“10M),0.5588961125233208,0.8,0.5,1.0,0.5849960244110439,0.6,1,0.0,65.32,Medium Quality,5,False,False,False,True,False,False,1,ðŸŸ  Audit Concentration,WARNING
VCS1001,Demo Project 2 â€” Renewable Energy,Peru,Renewable Energy,46737.0,27287.25175545104,4033.9788963287706,2021-01-01,5.147159479808351,DNV GL,Registered,Renewable Energy,0.5838468826722092,0.0863123199248726,15415.769348220188,Small (<100K),0.5838468826722092,0.7,0.5,0.8631231992487259,0.654979978585947,0.85,1,0.0,64.91,Medium Quality,8,False,False,False,True,False,False,1,ðŸŸ  Audit Concentration,WARNING
VCS1002,Demo Project 3 â€” Renewable Energy,Indonesia,Renewable Energy,3986244.0,2249462.872919924,940472.8942661772,2013-05-01,12.818617385352498,Bureau Veritas,Registered,Renewable Energy,0.5643063678289447,0.23592958541077194,796308.2328138987,Large (1Mâ€“10M),0.5643063678289447,0.0,0.5,0.9281408291784561,0.9471353424312238,0.85,1,0.0,58.14,Medium Quality,31,False,False,False,True,False,False,1,ðŸŸ  Audit Concentration,WARNING
VCS1003,Demo Project 4 â€” Improved Forest Mana,Kenya,IFM,3936752.0,1340281.4959931243,260666.9941179619,2015-11-01,10.316221765913758,DNV GL,Registered,Improved Forest Management,0.34045362674436297,0.06621371986804399,2335803.509888914,Large (1Mâ€“10M),0.34045362674436297,0.09999999999999998,0.5,0.6621371986804399,0.8750801124375409,0.5,1,0.0,44.5,Low Quality,71,False,True,False,True,False,False,2,ðŸ”´ Buffer Pool Below Floor | ðŸŸ  Audit Concentration,CRITICAL
VCS1004,Demo Project 5 â€” Methane Capture,Indonesia,Methane Capture,3904017.0,2104596.1375020673,155693.51074940004,2016-08-01,9.566050650239562,EY,Registered,Methane Capture,0.5390847779356666,0.03988033626631238,1643727.3517485326,Large (1Mâ€“10M),0.5390847779356666,0.19999999999999996,0.5,0.3988033626631238,0.8503410814304128,0.8,1,0.0,48.46,Medium Quality,61,False,True,False,True,False,False,2,ðŸ”´ Buffer Pool Below Floor | ðŸŸ  Audit Concentration,CRITICAL
VCS1005,Demo Project 6 â€” Improved Forest Mana,India,IFM,3327605.0,1193092.0855821546,418351.00351731,2013-02-01,13.062286105407255,DNV GL,Registered,Improved Forest Management,0.35854378316601715,0.12572135320066835,1716161.910900535,Large (1Mâ€“10M),0.35854378316601715,0.0,0.5,1.0,0.9534398118128801,0.5,1,0.0,51.0,Medium Quality,55,False,False,False,True,False,False,1,ðŸŸ  Audit Concentration,WARNING
VCS1006,Demo Project 7 â€” REDD+,China,REDD+,2363120.0,298450.18320027937,586816.1594449586,2013-10-01,12.399726214921287,DNV GL,Registered,REDD+,0.1262949757948303,0.24832262409228417,1477853.6573547623,Large (1Mâ€“10M),0.1262949757948303,0.0,0.5,0.9033547518154317,0.936032904631212,0.3,1,0.0,41.08,Low Quality,76,False,False,True,True,False,False,2,ðŸŸ  Low Retirement Rate | ðŸŸ  Audit Concentration,WARNING
VCS1007,Demo Project 8 â€” Methane Capture,Peru,Methane Capture,3528775.0,1359996.1331765964,798099.5079503105,2013-10-01,12.399726214921287,SCS Global,Registered,Methane Capture,0.38540177063615455,0.22616899857608108,1370679.358873093,Large (1Mâ€“10M),0.38540177063615455,0.0,0.5,0.9476620028478379,0.936032904631212,0.8,1,0.0,53.45,Medium Quality,46,False,False,False,True,False,False,1,ðŸŸ  Audit Concentration,WARNING
VCS1008,Demo Project 9 â€” Improved Forest Mana,China,IFM,1392836.0,750138.7086501464,271176.48386543465,2022-09-01,3.482546201232033,PwC,Registered,Improved Forest Management,0.5385692993648544,0.19469376428052884,371520.80748441897,Large (1Mâ€“10M),0.5385692993648544,0.8,0.5,1.0,0.5410796132271123,0.5,1,0.0,63.38,Medium Quality,16,False,False,False,True,False,False,1,ðŸŸ  Audit Concentration,WARNING
VCS1009,"Demo Project 10 â€” Afforestation, Refor",Indonesia,ARR,3905837.0,2431673.3737753984,882618.9694430111,2019-10-01,6.401095140314853,SCS Global,Registered,"Afforestation, Reforestation and Revegetation",0.6225742072122821,0.22597434799327548,591544.6567815905,Large (1Mâ€“10M),0.6225742072122821,0.5,0.5,0.9480513040134491,0.7219346905435948,0.6,1,0.0,62.74,Medium Quality,18,False,False,False,True,False,False,1,ðŸŸ  Audit Concentration,WARNING
VCS1010,Demo Project 11 â€” REDD+,Kenya,REDD+,2782678.0,862385.6943094687,630438.6878614576,2020-03-01,5.984941820670773,SCS Global,Registered,REDD+,0.3099121401432249,0.22655826073352991,1289853.6178290737,Large (1Mâ€“10M),0.3099121401432249,0.6,0.5,0.9468834785329402,0.7010620247791458,0.3,1,0.0,53.2,Medium Quality,47,False,False,False,True,False,False,1,ðŸŸ  Audit Concentration,WARNING
VCS1011,Demo Project 12 â€” Renewable Energy,Brazil,Renewable Energy,2299989.0,1218444.4460361956,331540.74471831106,2020-11-01,5.314168377823409,PwC,Registered,Renewable Energy,0.5297609884378558,0.1441488392850188,750003.8092454933,Large (1Mâ€“10M),0.5297609884378558,0.6,0.5,1.0,0.6646481832579056,0.85,1,0.0,64.89,Medium Quality,9,False,False,False,True,False,False,1,ðŸŸ  Audit Concentration,WARNING
VCS1012,Demo Project 13 â€” Improved Forest Mana,Indonesia,IFM,2532975.0,1369713.6103237052,252042.13581344264,2022-04-01,3.9014373716632442,EY,Registered,Improved Forest Management,0.5407529132043172,0.09950439140277446,911219.2538628521,Large (1Mâ€“10M),0.5407529132043172,0.8,0.5,0.9950439140277446,0.5733012222498586,0.5,1,0.0,63.65,Medium Quality,13,False,False,False,True,False,False,1,ðŸŸ  Audit Concentration,WARNING
VCS1013,Demo Project 14 â€” Renewable Energy,Kenya,Renewable Energy,2848018.0,1946977.0776032563,569155.7066326918,2011-09-01,14.483230663928817,EY,Registered,Renewable Energy,0.6836252711897384,0.19984273506441735,331885.2157640519,Large (1Mâ€“10M),0.6836252711897384,0.0,0.5,1.0,0.9881586560713833,0.85,1,0.0,62.97,Medium Quality,17,False,False,False,True,False,False,1,ðŸŸ  Audit Concentration,WARNING
VCS1014,Demo Project 15 â€” Renewable Energy,Indonesia,Renewable Energy,195938.0,130311.90896503057,34399.948608164246,2021-07-01,4.65160848733744,Bureau Veritas,Registered,Renewable Energy,0.6650670567476986,0.17556547789690743,31226.142426805185,Medium (100Kâ€“1M),0.6650670567476986,0.7,0.5,1.0,0.6246653817691414,0.85,1,0.0,69.37,Medium Quality,1,False,False,False,True,False,False,1,ðŸŸ  Audit Concentration,WARNING
VCS1015,Demo Project 16 â€” REDD+,Brazil,REDD+,707587.0,166147.4071652251,79394.58730812362,2010-09-01,15.482546201232033,DNV GL,Registered,REDD+,0.2348084506431366,0.11220470035221622,462045.0055266513,Medium (100Kâ€“1M),0.2348084506431366,0.0,0.5,1.0,1.0,0.3,1,0.0,46.37,Medium Quality,67,False,False,False,True,False,False,1,ðŸŸ  Audit Concentration,WARNING
VCS1016,Demo Project 17 â€” Improved Forest Mana,Indonesia,IFM,1234951.0,409599.2467126723,62714.10536163199,2016-07-01,9.650924024640657,SCS Global,Registered,Improved Forest Management,0.3316724685535477,0.050782666973533355,762637.6479256958,Large (1Mâ€“10M),0.3316724685535477,0.19999999999999996,0.5,0.5078266697353335,0.853226673070274,0.5,1,0.0,42.48,Low Quality,73,False,True,False,True,False,False,2,ðŸ”´ Buffer Pool Below Floor | ðŸŸ  Audit Concentration,CRITICAL
VCS1017,Demo Project 18 â€” Improved Forest Mana,China,IFM,581505.0,162191.7979341212,112982.76644845339,2017-08-01,8.566735112936344,Bureau Veritas,Registered,Improved Forest Management,0.2789172886460498,0.19429371449678573,306330.43561742536,Medium (100Kâ€“1M),0.2789172886460498,0.30000000000000004,0.5,1.0,0.8145066632565288,0.5,1,0.0,52.12,Medium Quality,51,False,False,False,True,False,False,1,ðŸŸ  Audit Concentration,WARNING
VCS1018,Demo Project 19 â€” REDD+,Kenya,REDD+,2203671.0,817078.7177382491,193352.98806853613,2014-07-01,11.652292950034223,SCS Global,Registered,REDD+,0.37078071896315246,0.08774131350303023,1193239.2941932147,Large (1Mâ€“10M),0.37078071896315246,0.0,0.5,0.8774131350303023,0.9153317400677768,0.3,1,0.0,46.47,Medium Quality,66,False,True,False,True,False,False,2,ðŸ”´ Buffer Pool Below Floor | ðŸŸ  Audit Concentration,CRITICAL
VCS1019,Demo Project 20 â€” REDD+,Peru,REDD+,3345330.0,791949.6287007222,789828.7101125369,2011-09-01,14.483230663928817,EY,Registered,REDD+,0.23673288695008332,0.23609889311743143,1763551.6611867412,Large (1Mâ€“10M),0.23673288695008332,0.0,0.5,0.9278022137651372,0.9881586560713833,0.3,1,0.0,44.86,Low Quality,70,False,False,False,True,False,False,1,ðŸŸ  Audit Concentration,WARNING
VCS1020,Demo Project 21 â€” Improved Forest Mana,China,IFM,3275600.0,1017758.431316977,271919.1074074966,2012-09-01,13.481177275838467,PwC,Registered,Improved Forest Management,0.3107090094385691,0.08301352650125064,1985922.4612755266,Large (1Mâ€“10M),0.3107090094385691,0.0,0.5,0.8301352650125063,0.9640267472030288,0.5,1,0.0,46.51,Medium Quality,65,False,False,False,True,False,False,1,ðŸŸ  Audit Concentration,WARNING
VCS1021,Demo Project 22 â€” Energy Efficiency,China,Energy Efficiency,2360770.0,1042957.4658788408,134579.81370179405,2020-02-01,6.064339493497604,PwC,Registered,Energy Efficiency,0.4417869872451958,0.05700674513052693,1183232.7204193652,Large (1Mâ€“10M),0.4417869872451958,0.6,0.5,0.5700674513052693,0.7051386691913966,0.82,1,0.0,54.2,Medium Quality,43,False,False,False,True,False,False,1,ðŸŸ  Audit Concentration,WARNING
VCS1022,Demo Project 23 â€” Energy Efficiency,Peru,Energy Efficiency,4276849.0,2240067.5402628733,910305.0181462412,2014-10-01,11.40041067761807,DNV GL,Registered,Energy Efficiency,0.5237658706825687,0.21284478786747935,1126476.4415908856,Large (1Mâ€“10M),0.5237658706825687,0.0,0.5,0.9743104242650413,0.9080789988900385,0.82,1,0.0,57.36,Medium Quality,34,False,False,False,True,False,False,1,ðŸŸ  Audit Concentration,WARNING
VCS1023,Demo Project 24 â€” Energy Efficiency,India,Energy Efficiency,2830528.0,1140792.8935242253,180368.4610366291,2014-06-01,11.734428473648187,Bureau Veritas,Registered,Energy Efficiency,0.4030318348817695,0.06372254965738869,1509366.6454391456,Large (1Mâ€“10M),0.4030318348817695,0.0,0.5,0.6372254965738868,0.9176655768024092,0.82,1,0.0,47.7,Medium Quality,62,False,False,False,True,False,False,1,ðŸŸ  Audit Concentration,WARNING
VCS1024,Demo Project 25 â€” Renewable Energy,Mexico,Renewable Energy,405195.0,286466.497452843,28136.34686727452,2022-04-01,3.9014373716632442,Bureau Veritas,Registered,Renewable Energy,0.7069842852277126,0.0694390277947026,90592.15567988247,Medium (100Kâ€“1M),0.7069842852277126,0.8,0.5,0.6943902779470259,0.5733012222498586,0.85,1,0.0,65.3,Medium Quality,6,False,False,False,True,False,False,1,ðŸŸ  Audit Concentration,WARNING
VCS1025,Demo Project 26 â€” Methane Capture,Indonesia,Methane Capture,3827344.0,2210504.9514192836,619510.0287827213,2011-06-01,14.735112936344969,EY,Registered,Methane Capture,0.577555858950563,0.16186421413458557,997329.0197979951,Large (1Mâ€“10M),0.577555858950563,0.0,0.5,1.0,0.9939789070704722,0.8,1,0.0,59.88,Medium Quality,26,False,False,False,True,False,False,1,ðŸŸ  Audit Concentration,WARNING
VCS1026,Demo Project 27 â€” REDD+,Mexico,REDD+,2877257.0,908749.6478751574,639912.4558654537,2021-11-01,4.314852840520191,SCS Global,Registered,REDD+,0.31583888678528105,0.22240364898424217,1328594.896259389,Large (1Mâ€“10M),0.31583888678528105,0.7,0.5,0.9551927020315156,0.6025074366177913,0.3,1,0.0,54.02,Medium Quality,44,False,False,False,True,False,False,1,ðŸŸ  Audit Concentration,WARNING
VCS1027,Demo Project 28 â€” REDD+,India,REDD+,3177244.0,729583.905420163,232623.90986739937,2021-10-01,4.399726214921286,DNV GL,Registered,REDD+,0.22962791193253113,0.07321562645720611,2215036.184712438,Large (1Mâ€“10M),0.22962791193253113,0.7,0.5,0.7321562645720611,0.6082215648565817,0.3,1,0.0,47.47,Medium Quality,63,False,True,False,True,False,False,2,ðŸ”´ Buffer Pool Below Floor | ðŸŸ  Audit Concentration,CRITICAL
VCS1028,Demo Project 29 â€” Renewable Energy,China,Renewable Energy,2831212.0,1806858.6952508537,278226.62345174106,2017-10-01,8.399726214921287,Bureau Veritas,Registered,Renewable Energy,0.638192652210733,0.09827120803802084,746126.6812974053,Large (1Mâ€“10M),0.638192652210733,0.30000000000000004,0.5,0.9827120803802083,0.8081546840345988,0.85,1,0.0,64.19,Medium Quality,11,False,False,False,True,False,False,1,ðŸŸ  Audit Concentration,WARNING
VCS1029,Demo Project 30 â€” Renewable Energy,India,Renewable Energy,2772361.0,1733361.5787578642,557325.1380452529,2012-06-01,13.73305954825462,PwC,Registered,Renewable Energy,0.6252293906738207,0.20102906441305907,481674.2831968829,Large (1Mâ€“10M),0.6252293906738207,0.0,0.5,0.9979418711738819,0.9702462885920176,0.85,1,0.0,61.29,Medium Quality,22,False,False,False,True,False,False,1,ðŸŸ  Audit Concentration,WARNING
VCS1030,Demo Project 31 â€” REDD+,China,REDD+,461926.0,136246.91238094354,112618.39661062045,2012-09-01,13.481177275838467,SCS Global,Registered,REDD+,0.294953980466446,0.2438018137334128,213060.69100843603,Medium (100Kâ€“1M),0.294953980466446,0.0,0.5,0.9123963725331744,0.9640267472030288,0.3,1,0.0,45.76,Medium Quality,69,False,False,False,True,False,False,1,ðŸŸ  Audit Concentration,WARNING
VCS1031,Demo Project 32 â€” Renewable Energy,China,Renewable Energy,2800443.0,1331143.8024077863,392518.66293665016,2013-05-01,12.818617385352498,Bureau Veritas,Registered,Renewable Energy,0.4753332963419667,0.1401630609645153,1076780.5346555635,Large (1Mâ€“10M),0.4753332963419667,0.0,0.5,1.0,0.9471353424312238,0.85,1,0.0,57.35,Medium Quality,35,False,False,False,True,False,False,1,ðŸŸ  Audit Concentration,WARNING
VCS1032,Demo Project 33 â€” Methane Capture,Brazil,Methane Capture,3976613.0,1887866.0862903623,245187.81944882413,2017-08-01,8.566735112936344,PwC,Registered,Methane Capture,0.4747422206511829,0.06165745056127517,1843559.0942608137,Large (1Mâ€“10M),0.4747422206511829,0.30000000000000004,0.5,0.6165745056127516,0.8145066632565288,0.8,1,0.0,52.35,Medium Quality,50,False,False,False,True,False,False,1,ðŸŸ  Audit Concentration,WARNING
VCS1033,Demo Project 34 â€” Energy Efficiency,Colombia,Energy Efficiency,1526710.0,553408.3326130069,50482.167357537444,2011-08-01,14.568104038329912,PwC,Registered,Energy Efficiency,0.3624842521585677,0.03306598329580434,922819.5000294556,Large (1Mâ€“10M),0.3624842521585677,0.0,0.5,0.33065983295804335,0.9901303378438796,0.82,1,0.0,41.28,Low Quality,75,False,True,False,True,False,False,2,ðŸ”´ Buffer Pool Below Floor | ðŸŸ  Audit Concentration,CRITICAL
VCS1034,Demo Project 35 â€” Improved Forest Mana,Kenya,IFM,3018162.0,1201823.7956978027,243035.46261894907,2015-03-01,10.986995208761122,EY,Registered,Improved Forest Management,0.3981972457733557,0.08052432659974815,1573302.7416832482,Large (1Mâ€“10M),0.3981972457733557,0.09999999999999998,0.5,0.8052432659974814,0.8958495393126529,0.5,1,0.0,49.02,Medium Quality,59,False,False,False,True,False,False,1,ðŸŸ  Audit Concentration,WARNING
VCS1035,Demo Project 36 â€” Methane Capture,Indonesia,Methane Capture,163780.0,73530.40080675908,9663.16542239681,2011-03-01,14.986995208761122,SCS Global,Registered,Methane Capture,0.4489583636998356,0.05900088791303462,80586.43377084412,Medium (100Kâ€“1M),0.4489583636998356,0.0,0.5,0.5900088791303462,0.9997067253623008,0.8,1,0.0,48.52,Medium Quality,60,False,False,False,True,False,False,1,ðŸŸ  Audit Concentration,WARNING
VCS1036,Demo Project 37 â€” Energy Efficiency,Brazil,Energy Efficiency,1744021.0,686023.3161171057,312327.84067485324,2017-01-01,9.14715947980835,DNV GL,Registered,Energy Efficiency,0.3933572566598141,0.17908490819482864,745669.8432080413,Large (1Mâ€“10M),0.3933572566598141,0.30000000000000004,0.5,1.0,0.8357510053793075,0.82,1,0.0,58.39,Medium Quality,30,False,False,False,True,False,False,1,ðŸŸ  Audit Concentration,WARNING
VCS1037,"Demo Project 38 â€” Afforestation, Refor",Brazil,ARR,2189219.0,834138.1724783791,124354.53746908103,2010-02-01,16.06297056810404,PwC,Registered,"Afforestation, Reforestation and Revegetation",0.3810208903167655,0.05680315101827685,1230726.2900525397,Large (1Mâ€“10M),0.3810208903167655,0.0,0.5,0.5680315101827684,1.0,0.6,1,0.0,44.39,Low Quality,72,False,True,False,True,False,False,2,ðŸ”´ Buffer Pool Below Floor | ðŸŸ  Audit Concentration,CRITICAL
VCS1038,"Demo Project 39 â€” Afforestation, Refor",Indonesia,ARR,4913864.0,2586134.052405838,694783.9330848799,2019-05-01,6.8199863107460645,PwC,Registered,"Afforestation, Reforestation and Revegetation",0.5262933716533136,0.14139258495653928,1632946.014509282,Large (1Mâ€“10M),0.5262933716533136,0.5,0.5,1.0,0.741791520507324,0.6,1,0.0,61.58,Medium Quality,21,False,False,False,True,False,False,1,ðŸŸ  Audit Concentration,WARNING
VCS1039,Demo Project 40 â€” Improved Forest Mana,Indonesia,IFM,1080777.0,325506.1370269171,197498.74192949862,2010-06-01,15.734428473648187,Bureau Veritas,Registered,Improved Forest Management,0.30117789056106586,0.18273773584143502,557772.1210435843,Large (1Mâ€“10M),0.30117789056106586,0.0,0.5,1.0,1.0,0.5,1,0.0,50.03,Medium Quality,57,False,False,False,True,False,False,1,ðŸŸ  Audit Concentration,WARNING
VCS1040,Demo Project 41 â€” Energy Efficiency,Peru,Energy Efficiency,1389976.0,872260.0284982721,219401.67080405526,2012-02-01,14.064339493497604,SCS Global,Registered,Energy Efficiency,0.6275360355130392,0.15784565402859851,298314.30069767265,Large (1Mâ€“10M),0.6275360355130392,0.0,0.5,1.0,0.9782663783083089,0.82,1,0.0,61.17,Medium Quality,23,False,False,False,True,False,False,1,ðŸŸ  Audit Concentration,WARNING
VCS1041,Demo Project 42 â€” Renewable Energy,Peru,Renewable Energy,2048557.0,1278951.7095483665,151492.10812030997,2012-05-01,13.817932922655714,SCS Global,Registered,Renewable Energy,0.6243183419101185,0.07395064336521268,618113.1823313235,Large (1Mâ€“10M),0.6243183419101185,0.0,0.5,0.7395064336521268,0.9723180757436506,0.85,1,0.0,56.12,Medium Quality,39,False,False,False,True,False,False,1,ðŸŸ  Audit Concentration,WARNING
VCS1042,Demo Project 43 â€” REDD+,Peru,REDD+,4963401.0,1012836.2804094044,1026964.3750230651,2020-07-01,5.650924024640657,EY,Registered,REDD+,0.2040609413604511,0.20690739576009778,2923600.3445675303,Large (1Mâ€“10M),0.2040609413604511,0.6,0.5,0.9861852084798044,0.6833886976782112,0.3,1,0.0,51.16,Medium Quality,54,False,False,False,True,False,False,1,ðŸŸ  Audit Concentration,WARNING
VCS1043,Demo Project 44 â€” REDD+,Indonesia,REDD+,4268481.0,1183541.5643982268,799868.8128065091,2010-03-01,15.986310746064339,EY,Registered,REDD+,0.27727464744442504,0.18738956851547636,2285070.6227952642,Large (1Mâ€“10M),0.27727464744442504,0.0,0.5,1.0,1.0,0.3,1,0.0,47.43,Medium Quality,64,False,False,False,True,False,False,1,ðŸŸ  Audit Concentration,WARNING
VCS1044,"Demo Project 45 â€” Afforestation, Refor",Brazil,ARR,183117.0,65343.682935403536,35264.027445900494,2015-04-01,10.902121834360027,SCS Global,Registered,"Afforestation, Reforestation and Revegetation",0.35684116130890925,0.19257648086141918,82509.28961869597,Medium (100Kâ€“1M),0.35684116130890925,0.09999999999999998,0.5,1.0,0.8932867214545267,0.6,1,0.0,52.85,Medium Quality,48,False,False,False,True,False,False,1,ðŸŸ  Audit Concentration,WARNING
VCS1045,Demo Project 46 â€” Renewable Energy,Indonesia,Renewable Energy,1177358.0,868381.3074550565,69267.15629676335,2017-05-01,8.818617385352498,Bureau Veritas,Registered,Renewable Energy,0.7375677639724336,0.05883270534260892,239709.5362481802,Large (1Mâ€“10M),0.7375677639724336,0.30000000000000004,0.5,0.5883270534260892,0.8238799712131322,0.85,1,0.0,58.94,Medium Quality,27,False,False,False,True,False,False,1,ðŸŸ  Audit Concentration,WARNING
VCS1046,Demo Project 47 â€” REDD+,Mexico,REDD+,4110155.0,1005718.0648604139,235207.0592653461,2016-06-01,9.73305954825462,EY,Registered,REDD+,0.24469103108287008,0.057225836803075816,2869229.87587424,Large (1Mâ€“10M),0.24469103108287008,0.19999999999999996,0.5,0.5722583680307581,0.8559973704693876,0.3,1,0.0,39.62,Low Quality,78,False,True,False,True,False,False,2,ðŸ”´ Buffer Pool Below Floor | ðŸŸ  Audit Concentration,CRITICAL
VCS1047,Demo Project 48 â€” Renewable Energy,Mexico,Renewable Energy,300930.0,206083.0535809286,70436.80766436543,2018-05-01,7.819301848049282,SCS Global,Registered,Renewable Energy,0.6848205681750859,0.2340637612214317,24410.13875470597,Medium (100Kâ€“1M),0.6848205681750859,0.4,0.5,0.9318724775571366,0.7851661134858711,0.85,1,0.0,65.61,Medium Quality,3,False,False,False,True,False,False,1,ðŸŸ  Audit Concentration,WARNING
VCS1048,Demo Project 49 â€” Renewable Energy,Kenya,Renewable Energy,4279797.0,2032128.9316434157,502735.7814634279,2020-09-01,5.4811772758384665,SCS Global,Registered,Renewable Energy,0.47481899997673155,0.11746720264148694,1744932.2868931564,Large (1Mâ€“10M),0.47481899997673155,0.6,0.5,1.0,0.6740639739467182,0.85,1,0.0,63.61,Medium Quality,14,False,False,False,True,False,False,1,ðŸŸ  Audit Concentration,WARNING
VCS1049,Demo Project 50 â€” Renewable Energy,Indonesia,Renewable Energy,1414105.0,842803.043678969,136049.22095399487,2015-04-01,10.902121834360027,EY,Registered,Renewable Energy,0.5959974992514481,0.09620871219180674,435252.7353670361,Large (1Mâ€“10M),0.5959974992514481,0.09999999999999998,0.5,0.9620871219180673,0.8932867214545267,0.85,1,0.0,60.57,Medium Quality,24,False,False,False,True,False,False,1,ðŸŸ  Audit Concentration,WARNING
VCS1050,Demo Project 51 â€” Renewable Energy,Kenya,Renewable Energy,4589084.0,2740656.4849441266,630946.229539159,2020-05-01,5.817932922655715,Bureau Veritas,Registered,Renewable Energy,0.5972120983063562,0.1374884899773373,1217481.2855167144,Large (1Mâ€“10M),0.5972120983063562,0.6,0.5,1.0,0.6923336014451471,0.85,1,0.0,66.85,Medium Quality,2,False,False,False,True,False,False,1,ðŸŸ  Audit Concentration,WARNING
VCS1051,Demo Project 52 â€” Methane Capture,India,Methane Capture,1475032.0,931258.4094603977,259355.06360584035,2014-05-01,11.819301848049282,PwC,Registered,Methane Capture,0.6313479364924949,0.17583012680798812,284418.526933762,Large (1Mâ€“10M),0.6313479364924949,0.0,0.5,1.0,0.9200614470935372,0.8,1,0.0,60.48,Medium Quality,25,False,False,False,True,False,False,1,ðŸŸ  Audit Concentration,WARNING
VCS1052,Demo Project 53 â€” REDD+,China,REDD+,2177240.0,591160.755426586,523053.85963804787,2022-03-01,3.9863107460643397,EY,Registered,REDD+,0.27151841571282265,0.2402371165503334,1063025.384935366,Large (1Mâ€“10M),0.27151841571282265,0.8,0.5,0.9195257668993333,0.5794931985370941,0.3,1,0.0,53.47,Medium Quality,45,False,False,False,True,False,False,1,ðŸŸ  Audit Concentration,WARNING
VCS1053,"Demo Project 54 â€” Afforestation, Refor",India,ARR,3312963.0,1630132.9099781546,308165.75525296776,2016-08-01,9.566050650239562,DNV GL,Registered,"Afforestation, Reforestation and Revegetation",0.49204682031708613,0.0930181699140521,1374664.3347688776,Large (1Mâ€“10M),0.49204682031708613,0.19999999999999996,0.5,0.930181699140521,0.8503410814304128,0.6,1,0.0,55.91,Medium Quality,40,False,False,False,True,False,False,1,ðŸŸ  Audit Concentration,WARNING
VCS1054,"Demo Project 55 â€” Afforestation, Refor",Indonesia,ARR,640140.0,275319.5402914934,149445.71094675624,2019-03-01,6.9869952087611225,PwC,Registered,"Afforestation, Reforestation and Revegetation",0.4300926989275681,0.23345785444864597,215374.74876175035,Medium (100Kâ€“1M),0.4300926989275681,0.5,0.5,0.9330842911027081,0.7494132120601307,0.6,1,0.0,57.91,Medium Quality,32,False,False,False,True,False,False,1,ðŸŸ  Audit Concentration,WARNING
VCS1055,Demo Project 56 â€” REDD+,Mexico,REDD+,2789590.0,556441.4677890431,98944.21348676109,2021-04-01,4.900752908966461,EY,Registered,REDD+,0.19947069920276567,0.03546908810497639,2134204.3187241955,Large (1Mâ€“10M),0.19947069920276567,0.7,0.5,0.3546908810497639,0.6402247618699329,0.3,1,0.0,39.48,Low Quality,79,False,True,True,True,False,False,3,ðŸ”´ Buffer Pool Below Floor | ðŸŸ  Low Retirement Rate | ðŸŸ  Audit Concentration,CRITICAL
VCS1056,Demo Project 57 â€” Methane Capture,Peru,Methane Capture,2530027.0,1280704.0209223572,384927.33823548205,2020-09-01,5.4811772758384665,DNV GL,Registered,Methane Capture,0.5062017207414613,0.15214356931190143,864395.6408421607,Large (1Mâ€“10M),0.5062017207414613,0.6,0.5,1.0,0.6740639739467182,0.8,1,0.0,63.9,Medium Quality,12,False,False,False,True,False,False,1,ðŸŸ  Audit Concentration,WARNING
VCS1057,Demo Project 58 â€” Energy Efficiency,Indonesia,Energy Efficiency,3921652.0,1888955.601838462,664620.1082283572,2021-11-01,4.314852840520191,EY,Registered,Energy Efficiency,0.481673438091514,0.16947452456983872,1368076.289933181,Large (1Mâ€“10M),0.481673438091514,0.7,0.5,1.0,0.6025074366177913,0.82,1,0.0,64.27,Medium Quality,10,False,False,False,True,False,False,1,ðŸŸ  Audit Concentration,WARNING
VCS1058,Demo Project 59 â€” Renewable Energy,Peru,Renewable Energy,4980573.0,2273550.012457745,265451.7349760421,2016-08-01,9.566050650239562,SCS Global,Registered,Renewable Energy,0.45648362396409914,0.05329742882516572,2441571.252566213,Large (1Mâ€“10M),0.45648362396409914,0.19999999999999996,0.5,0.5329742882516572,0.8503410814304128,0.85,1,0.0,49.57,Medium Quality,58,False,False,False,True,False,False,1,ðŸŸ  Audit Concentration,WARNING
VCS1059,Demo Project 60 â€” Renewable Energy,China,Renewable Energy,3324924.0,2320423.154928,202403.7887741892,2010-11-01,15.315537303216974,DNV GL,Registered,Renewable Energy,0.6978875772583073,0.06087471135406078,802097.0562978106,Large (1Mâ€“10M),0.6978875772583073,0.0,0.5,0.6087471135406077,1.0,0.85,1,0.0,55.62,Medium Quality,41,False,False,False,True,False,False,1,ðŸŸ  Audit Concentration,WARNING
VCS1060,Demo Project 61 â€” REDD+,India,REDD+,2051840.0,756817.5554275122,250745.41548811225,2016-10-01,9.399041752224504,EY,Registered,REDD+,0.36884823155193003,0.12220515024958684,1044277.0290843756,Large (1Mâ€“10M),0.36884823155193003,0.19999999999999996,0.5,1.0,0.8445946720873047,0.3,1,0.0,51.17,Medium Quality,53,False,False,False,True,False,False,1,ðŸŸ  Audit Concentration,WARNING
VCS1061,"Demo Project 62 â€” Afforestation, Refor",Brazil,ARR,2037870.0,798997.3232992797,494328.20589582965,2012-06-01,13.73305954825462,PwC,Registered,"Afforestation, Reforestation and Revegetation",0.3920747266995832,0.24257102067149997,744544.4708048906,Large (1Mâ€“10M),0.3920747266995832,0.0,0.5,0.914857958657,0.9702462885920176,0.6,1,0.0,51.3,Medium Quality,52,False,False,False,True,False,False,1,ðŸŸ  Audit Concentration,WARNING
VCS1062,Demo Project 63 â€” Energy Efficiency,India,Energy Efficiency,2095614.0,1081778.6696719325,337664.9462138133,2021-09-01,4.48186173853525,Bureau Veritas,Registered,Energy Efficiency,0.5162108430617148,0.16112936171156203,676170.3841142543,Large (1Mâ€“10M),0.5162108430617148,0.7,0.5,1.0,0.6136664853770681,0.82,1,0.0,65.24,Medium Quality,7,False,False,False,True,False,False,1,ðŸŸ  Audit Concentration,WARNING
VCS1063,Demo Project 64 â€” REDD+,Brazil,REDD+,4071961.0,539830.9550348865,957990.347499092,2013-04-01,12.900752908966462,Bureau Veritas,Registered,REDD+,0.13257272234063305,0.23526510875204648,2574139.6974660214,Large (1Mâ€“10M),0.13257272234063305,0.0,0.5,0.9294697824959071,0.9492727802254951,0.3,1,0.0,41.9,Low Quality,74,False,False,True,True,False,False,2,ðŸŸ  Low Retirement Rate | ðŸŸ  Audit Concentration,WARNING
VCS1064,Demo Project 65 â€” Energy Efficiency,Kenya,Energy Efficiency,1612866.0,889773.0569702246,333797.7819546265,2012-06-01,13.73305954825462,EY,Registered,Energy Efficiency,0.5516720279119435,0.20695940143485353,389295.1610751489,Large (1Mâ€“10M),0.5516720279119435,0.0,0.5,0.986081197130293,0.9702462885920176,0.82,1,0.0,58.92,Medium Quality,28,False,False,False,True,False,False,1,ðŸŸ  Audit Concentration,WARNING
VCS1065,Demo Project 66 â€” Renewable Energy,Brazil,Renewable Energy,843194.0,450577.69173910463,111996.35967119876,2013-06-01,12.733744010951403,SCS Global,Registered,Renewable Energy,0.5343701351517025,0.13282395234216415,280619.9485896966,Medium (100Kâ€“1M),0.5343701351517025,0.0,0.5,1.0,0.9449132682159648,0.85,1,0.0,58.81,Medium Quality,29,False,False,False,True,False,False,1,ðŸŸ  Audit Concentration,WARNING
VCS1066,Demo Project 67 â€” Improved Forest Mana,Mexico,IFM,1678114.0,751504.4065580099,340066.37679324474,2018-11-01,7.315537303216975,DNV GL,Registered,Improved Forest Management,0.44782679040757056,0.20264795883548123,586543.2166487454,Large (1Mâ€“10M),0.44782679040757056,0.4,0.5,0.9947040823290376,0.7639523713394305,0.5,1,0.0,57.23,Medium Quality,36,False,False,False,True,False,False,1,ðŸŸ  Audit Concentration,WARNING
VCS1067,Demo Project 68 â€” REDD+,Kenya,REDD+,123333.0,39232.02802915323,4183.960097211442,2017-10-01,8.399726214921287,PwC,Registered,REDD+,0.3180983842860648,0.0339240924749373,79917.01187363532,Medium (100Kâ€“1M),0.3180983842860648,0.30000000000000004,0.5,0.339240924749373,0.8081546840345988,0.3,1,0.0,37.82,Low Quality,80,False,True,False,True,False,False,2,ðŸ”´ Buffer Pool Below Floor | ðŸŸ  Audit Concentration,CRITICAL
VCS1068,"Demo Project 69 â€” Afforestation, Refor",Kenya,ARR,539651.0,313318.26629825664,29147.456739697638,2022-06-01,3.7344284736481863,SCS Global,Registered,"Afforestation, Reforestation and Revegetation",0.5805942475752971,0.054011679288461685,197185.27696204573,Medium (100Kâ€“1M),0.5805942475752971,0.8,0.5,0.5401167928846168,0.5607975695702252,0.6,1,0.0,56.43,Medium Quality,38,False,True,False,True,False,False,2,ðŸ”´ Buffer Pool Below Floor | ðŸŸ  Audit Concentration,CRITICAL
VCS1069,Demo Project 70 â€” Methane Capture,Mexico,Methane Capture,459338.0,175615.1531900469,97597.5178426614,2015-08-01,10.568104038329912,PwC,Registered,Methane Capture,0.382322283786769,0.212474295274202,186125.3289672917,Medium (100Kâ€“1M),0.382322283786769,0.09999999999999998,0.5,0.9750514094515961,0.8830201318245847,0.8,1,0.0,54.89,Medium Quality,42,False,False,False,True,False,False,1,ðŸŸ  Audit Concentration,WARNING
VCS1070,Demo Project 71 â€” Renewable Energy,China,Renewable Energy,3860046.0,2797775.0576328128,792466.5151946612,2013-03-01,12.985626283367557,Bureau Veritas,Registered,Renewable Energy,0.7248035535412823,0.20529975943153558,269804.427172526,Large (1Mâ€“10M),0.7248035535412823,0.0,0.5,0.9894004811369288,0.9514682386890935,0.85,1,0.0,63.42,Medium Quality,15,False,False,False,True,False,False,1,ðŸŸ  Audit Concentration,WARNING
VCS1071,Demo Project 72 â€” REDD+,India,REDD+,3614573.0,611094.8827132647,293434.51781460445,2010-09-01,15.482546201232033,DNV GL,Registered,REDD+,0.16906419726846425,0.08118096323261544,2710043.5994721306,Large (1Mâ€“10M),0.16906419726846425,0.0,0.5,0.8118096323261543,1.0,0.3,1,0.0,40.96,Low Quality,77,False,True,True,True,False,False,3,ðŸ”´ Buffer Pool Below Floor | ðŸŸ  Low Retirement Rate | ðŸŸ  Audit Concentration,CRITICAL
VCS1072,Demo Project 73 â€” Renewable Energy,Peru,Renewable Energy,3486886.0,1608234.6955064805,511767.8520308257,2010-07-01,15.652292950034223,Bureau Veritas,Registered,Renewable Energy,0.46122376685285393,0.14676930993179177,1366883.4524626937,Large (1Mâ€“10M),0.46122376685285393,0.0,0.5,1.0,1.0,0.85,1,0.0,57.53,Medium Quality,33,False,False,False,True,False,False,1,ðŸŸ  Audit Concentration,WARNING
VCS1073,Demo Project 74 â€” REDD+,Kenya,REDD+,2314767.0,616782.9558047747,378055.80311154644,2014-06-01,11.734428473648187,PwC,Registered,REDD+,0.266455740817445,0.1633234805540024,1319928.241083679,Large (1Mâ€“10M),0.266455740817445,0.0,0.5,1.0,0.9176655768024092,0.3,1,0.0,46.34,Medium Quality,68,False,False,False,True,False,False,1,ðŸŸ  Audit Concentration,WARNING
VCS1074,Demo Project 75 â€” REDD+,Kenya,REDD+,3588121.0,758086.3108284333,792625.1497635817,2022-09-01,3.482546201232033,SCS Global,Registered,REDD+,0.21127668515873163,0.22090256983072246,2037409.5394079848,Large (1Mâ€“10M),0.21127668515873163,0.8,0.5,0.958194860338555,0.5410796132271123,0.3,1,0.0,52.36,Medium Quality,49,False,False,False,True,False,False,1,ðŸŸ  Audit Concentration,WARNING
VCS1075,Demo Project 76 â€” Methane Capture,Colombia,Methane Capture,814746.0,487981.4622174483,132545.79168288142,2016-07-01,9.650924024640657,SCS Global,Registered,Methane Capture,0.5989369229397239,0.16268357461451965,194218.7460996703,Medium (100Kâ€“1M),0.5989369229397239,0.19999999999999996,0.5,1.0,0.853226673070274,0.8,1,0.0,62.01,Medium Quality,19,False,False,False,True,False,False,1,ðŸŸ  Audit Concentration,WARNING
VCS1076,"Demo Project 77 â€” Afforestation, Refor",Kenya,ARR,4504102.0,2668569.8215483297,543941.2346679189,2021-01-01,5.147159479808351,Bureau Veritas,Registered,"Afforestation, Reforestation and Revegetation",0.5924754416192906,0.12076574524020968,1291590.9437837515,Large (1Mâ€“10M),0.5924754416192906,0.7,0.5,1.0,0.654979978585947,0.6,1,0.0,65.36,Medium Quality,4,False,False,False,True,False,False,1,ðŸŸ  Audit Concentration,WARNING
VCS1077,Demo Project 78 â€” Methane Capture,China,Methane Capture,2510213.0,1117400.4014707562,281948.35303372034,2011-04-01,14.902121834360027,PwC,Registered,Methane Capture,0.44514166784681464,0.1123204895495802,1110864.2454955236,Large (1Mâ€“10M),0.44514166784681464,0.0,0.5,1.0,0.9977868433331015,0.8,1,0.0,56.61,Medium Quality,37,False,False,False,True,False,False,1,ðŸŸ  Audit Concentration,WARNING
VCS1078,Demo Project 79 â€” Energy Efficiency,India,Energy Efficiency,4690876.0,2982786.4708241555,580233.4927158734,2011-02-01,15.063655030800822,SCS Global,Registered,Energy Efficiency,0.6358698185209235,0.12369405900217217,1127856.0364599712,Large (1Mâ€“10M),0.6358698185209235,0.0,0.5,1.0,1.0,0.82,1,0.0,61.6,Medium Quality,20,False,False,False,True,False,False,1,ðŸŸ  Audit Concentration,WARNING
VCS1079,Demo Project 80 â€” REDD+,India,REDD+,770037.0,144208.94979837077,133543.53245179585,2020-09-01,5.4811772758384665,Bureau Veritas,Registered,REDD+,0.1872753514420356,0.17342482562759431,492284.5177498334,Medium (100Kâ€“1M),0.1872753514420356,0.6,0.5,1.0,0.6740639739467182,0.3,1,0.0,50.92,Medium Quality,56,False,False,True,True,False,False,2,ðŸŸ  Low Retirement Rate | ðŸŸ  Audit Concentration,WARNING
